{"i":1000,"val_loss_history":[1.6016371011734],"val_loss_history_it":[1000],"forward_backward_times":{},"opt":{"max_epochs":50,"checkpoint_every":1000,"batch_size":50,"memory_benchmark":0,"init_from":"","grad_clip":5,"model_type":"lstm","lr_decay_every":5,"print_every":1,"wordvec_size":64,"seq_length":50,"input_json":"data\/solo_test_2.json","num_layers":2,"input_h5":"data\/solo_test_2.h5","reset_iterations":1,"rnn_size":128,"dropout":0,"checkpoint_name":"cv\/checkpoint","batchnorm":0,"learning_rate":0.002,"speed_benchmark":0,"gpu_backend":"cuda","lr_decay_factor":0.5,"gpu":-1},"train_loss_history":[4.6871919631958,4.5717778205872,4.3933696746826,4.1253705024719,3.9170758724213,3.7342984676361,3.5567574501038,3.4716367721558,3.4092710018158,3.3249118328094,3.3579847812653,3.2263398170471,3.2733862400055,3.2972066402435,3.2603771686554,3.2349307537079,3.2779121398926,3.3155062198639,3.1791658401489,3.1954329013824,3.1913504600525,3.2229993343353,3.3009219169617,3.1874332427979,3.1843094825745,3.2812223434448,3.2066848278046,3.1301100254059,3.2063760757446,3.230761051178,3.2772836685181,3.3055078983307,3.2213945388794,3.2242033481598,3.2546422481537,3.1775074005127,3.2357709407806,3.1851916313171,3.1631941795349,3.1059379577637,3.1053202152252,3.0284299850464,3.0145099163055,3.0066766738892,3.0217025279999,3.0435266494751,3.1629841327667,3.0647435188293,3.0014879703522,3.0431725978851,3.1120221614838,3.0266032218933,3.0339362621307,3.1144869327545,2.9602074623108,2.9404125213623,2.9951102733612,2.8976533412933,2.9049181938171,2.8603630065918,2.7899005413055,2.8513631820679,2.7925488948822,2.8352315425873,2.8246130943298,2.7993206977844,2.9045393466949,2.849650144577,2.8130970001221,2.8206655979156,2.70858502388,2.8081760406494,2.7663254737854,2.778265953064,2.7321274280548,2.6937716007233,2.7334427833557,2.7255692481995,2.7067756652832,2.6969690322876,2.6302502155304,2.5792157649994,2.5994713306427,2.7017147541046,2.5451719760895,2.5641846656799,2.5774538516998,2.5739455223083,2.4778559207916,2.5543539524078,2.5880177021027,2.6022615432739,2.5568647384644,2.5908741950989,2.5538940429688,2.5659801959991,2.5308048725128,2.572083234787,2.5224268436432,2.4567234516144,2.419665813446,2.5872595310211,2.5504693984985,2.4505176544189,2.4835293292999,2.4712882041931,2.4380371570587,2.3846662044525,2.3828275203705,2.4197423458099,2.4424114227295,2.3960657119751,2.3600873947144,2.3176374435425,2.3686254024506,2.4056510925293,2.368257522583,2.3827247619629,2.3399269580841,2.3950927257538,2.412205696106,2.3685684204102,2.3396775722504,2.297483921051,2.3267877101898,2.3898513317108,2.353569984436,2.3685491085052,2.3859684467316,2.3109147548676,2.373476266861,2.2969741821289,2.302515745163,2.290899515152,2.2620286941528,2.2427368164062,2.2697925567627,2.2757778167725,2.2001936435699,2.2123832702637,2.205504655838,2.28275847435,2.2846882343292,2.2508108615875,2.2227714061737,2.250905752182,2.240259885788,2.1655504703522,2.2750132083893,2.2814559936523,2.2915725708008,2.317718744278,2.2438259124756,2.197793006897,2.2283666133881,2.2175216674805,2.3053016662598,2.1997752189636,2.2098524570465,2.1899509429932,2.1894087791443,2.1359057426453,2.1022112369537,2.1172125339508,2.1591866016388,2.1402502059937,2.2238836288452,2.1343591213226,2.1282079219818,2.1693620681763,2.2190351486206,2.1158411502838,2.1339716911316,2.1581830978394,2.1440799236298,2.1122560501099,2.1169018745422,2.0992188453674,2.0984399318695,2.1048994064331,1.9943367242813,2.0703499317169,2.0270130634308,2.05162525177,2.0784063339233,2.0223183631897,2.0883386135101,2.0721027851105,2.0708830356598,2.0787768363953,2.0359752178192,2.0239517688751,2.0311813354492,2.0542240142822,2.05575299263,2.0393245220184,2.044469833374,2.0881123542786,2.0908195972443,2.0593180656433,2.0424749851227,1.9833402633667,2.0365972518921,2.0630161762238,1.9471011161804,2.0304470062256,2.032425403595,2.0058314800262,1.9800441265106,2.001291513443,2.0562291145325,2.0320510864258,2.0165987014771,2.0561008453369,2.0245151519775,2.0104846954346,1.9971688985825,2.0427360534668,1.9886391162872,1.9900072813034,1.9206668138504,2.0588405132294,2.0356383323669,2.0041370391846,1.9617069959641,2.0270383358002,1.952300786972,1.9202289581299,1.910271525383,1.9364739656448,2.0005061626434,1.9752753973007,1.9486821889877,1.9207706451416,1.9437834024429,1.9908233880997,1.9445312023163,1.9702478647232,1.9249157905579,2.0160999298096,2.0319759845734,1.9642536640167,1.9657431840897,1.8705418109894,1.901206612587,1.9624078273773,1.9634611606598,1.9796513319016,2.0057048797607,1.8828511238098,1.9792046546936,1.9088445901871,1.8792198896408,1.8753982782364,1.8579131364822,1.8704550266266,1.8855384588242,1.915802359581,1.8241093158722,1.8517560958862,1.8447011709213,1.9294279813766,1.9329521656036,1.8881884813309,1.867889881134,1.8936752080917,1.8956353664398,1.8292778730392,1.9470952749252,1.9487044811249,1.9779661893845,1.9705877304077,1.8958617448807,1.8609396219254,1.8594988584518,1.8708775043488,1.9708998203278,1.8684351444244,1.8991194963455,1.8767591714859,1.8679639101028,1.8186087608337,1.8122982978821,1.8119909763336,1.841194152832,1.8182326555252,1.9179619550705,1.8269929885864,1.8080699443817,1.8751472234726,1.8861105442047,1.7844929695129,1.8218410015106,1.8503412008286,1.8341363668442,1.7927585840225,1.7930727005005,1.7825297117233,1.802886724472,1.8223189115524,1.725559592247,1.7744911909103,1.7434344291687,1.7435593605042,1.7993574142456,1.7257882356644,1.7850544452667,1.7794623374939,1.7615288496017,1.7852380275726,1.7707113027573,1.7219980955124,1.7370158433914,1.7650748491287,1.7526158094406,1.7457143068314,1.7538156509399,1.8011780977249,1.8338350057602,1.7716428041458,1.7709556818008,1.7189109325409,1.7782802581787,1.7829965353012,1.6797333955765,1.7744994163513,1.7521191835403,1.7492777109146,1.7521831989288,1.7629878520966,1.8153235912323,1.7678244113922,1.7452410459518,1.7841653823853,1.7728736400604,1.7581260204315,1.7316029071808,1.783211350441,1.7255964279175,1.7269679307938,1.6608822345734,1.8010421991348,1.7729295492172,1.7587282657623,1.6844393014908,1.7788860797882,1.7058744430542,1.6674357652664,1.6534351110458,1.6825091838837,1.7707277536392,1.7533577680588,1.7277699708939,1.7157515287399,1.7161445617676,1.7720236778259,1.730525135994,1.7349743843079,1.6972939968109,1.8159767389297,1.8320804834366,1.7351980209351,1.7619941234589,1.6269136667252,1.669133067131,1.7346255779266,1.7455914020538,1.7597252130508,1.7775439023972,1.6361619234085,1.7545181512833,1.6838824748993,1.6183836460114,1.6346825361252,1.6228873729706,1.6512891054153,1.6633388996124,1.7136563062668,1.6176735162735,1.6444890499115,1.6336891651154,1.7249685525894,1.730185508728,1.667388677597,1.6552560329437,1.6869330406189,1.6867409944534,1.6337461471558,1.7311252355576,1.7401351928711,1.7804396152496,1.7621645927429,1.6860482692719,1.6609373092651,1.6229956150055,1.6428087949753,1.7575924396515,1.6546218395233,1.7028021812439,1.6778199672699,1.669490814209,1.6142553091049,1.6302171945572,1.6230485439301,1.6451386213303,1.6221061944962,1.7374613285065,1.6417330503464,1.6155982017517,1.6872066259384,1.6784123182297,1.580048084259,1.6294833421707,1.6593136787415,1.6303896903992,1.5855448246002,1.6000242233276,1.593184709549,1.6253206729889,1.6436349153519,1.5474771261215,1.5893477201462,1.5550191402435,1.5430467128754,1.6271488666534,1.5351436138153,1.6184325218201,1.6026659011841,1.5700961351395,1.6048959493637,1.6014395952225,1.5376337766647,1.5615183115005,1.5947623252869,1.5707864761353,1.5636696815491,1.5741958618164,1.625040769577,1.668471455574,1.5967321395874,1.6026762723923,1.5451244115829,1.6109738349915,1.6072698831558,1.4992005825043,1.6087460517883,1.5716301202774,1.5866203308105,1.5968722105026,1.6057019233704,1.6586134433746,1.6026425361633,1.5807305574417,1.6156791448593,1.618528008461,1.5970579385757,1.5624430179596,1.6242263317108,1.5729182958603,1.5628180503845,1.4969171285629,1.6351941823959,1.6105244159698,1.5964453220367,1.5134900808334,