{"i":1000,"val_loss_history":[1.4912427229186],"val_loss_history_it":[1000],"forward_backward_times":{},"opt":{"max_epochs":50,"checkpoint_every":1000,"batch_size":50,"memory_benchmark":0,"init_from":"","grad_clip":5,"model_type":"lstm","lr_decay_every":5,"print_every":1,"wordvec_size":64,"seq_length":50,"input_json":"data\/CAI.json","num_layers":2,"input_h5":"data\/CAI.h5","reset_iterations":1,"rnn_size":128,"dropout":0,"checkpoint_name":"cv\/checkpoint","batchnorm":0,"learning_rate":0.002,"speed_benchmark":0,"gpu_backend":"cuda","lr_decay_factor":0.5,"gpu":-1},"train_loss_history":[4.6834869384766,4.5654616355896,4.392032623291,4.1618275642395,3.9549489021301,3.8100569248199,3.650267124176,3.4608085155487,3.4943909645081,3.6777834892273,3.5330145359039,3.516471862793,3.3684792518616,3.4142417907715,3.4355113506317,3.3842585086823,3.4248516559601,3.3742876052856,3.3627092838287,3.3858387470245,3.4606106281281,3.4420132637024,3.3124980926514,3.322014093399,3.3850159645081,3.3994784355164,3.4175906181335,3.2860610485077,3.3395645618439,3.283942937851,3.2882211208344,3.2882277965546,3.3986303806305,3.4100143909454,3.4321348667145,3.3709840774536,3.300488948822,3.2378404140472,3.2217590808868,3.1403648853302,3.1800651550293,3.2860324382782,3.169025182724,3.2866842746735,3.2549104690552,3.2449719905853,3.1722187995911,3.1344430446625,3.1727421283722,3.1540133953094,3.108344078064,3.1294031143188,3.1322231292725,3.0956206321716,3.0437729358673,3.0702424049377,3.0755970478058,3.0755224227905,3.0387496948242,2.995569229126,3.0079851150513,2.9830622673035,2.9477639198303,2.8614814281464,2.9390518665314,2.9246642589569,2.9591624736786,2.9095222949982,2.8629293441772,2.8811483383179,2.8322672843933,2.8581440448761,2.8601262569427,2.8487467765808,2.7878522872925,2.7490153312683,2.7305381298065,2.6993737220764,2.7211787700653,2.728609085083,2.6894040107727,2.6843152046204,2.6966140270233,2.6829557418823,2.5964415073395,2.675261259079,2.6760280132294,2.6031110286713,2.6346228122711,2.6513497829437,2.6222329139709,2.5344517230988,2.6121158599854,2.6068122386932,2.6194307804108,2.6030023097992,2.5953552722931,2.615216255188,2.5268967151642,2.5366644859314,2.5805552005768,2.5336773395538,2.5849270820618,2.56804728508,2.5708553791046,2.528223991394,2.4353568553925,2.4237380027771,2.4545569419861,2.4227604866028,2.4813652038574,2.5346033573151,2.4999868869781,2.4431426525116,2.4099781513214,2.41828083992,2.423654794693,2.3672380447388,2.3325653076172,2.3879821300507,2.3512961864471,2.387699842453,2.2905051708221,2.3439395427704,2.3724329471588,2.3268704414368,2.3750059604645,2.3279166221619,2.3876705169678,2.3771607875824,2.376757144928,2.3516085147858,2.3116641044617,2.3494679927826,2.2858996391296,2.2607979774475,2.2584283351898,2.3154747486115,2.2296581268311,2.2170329093933,2.282107591629,2.268346786499,2.2759249210358,2.2223131656647,2.205958366394,2.1631631851196,2.2094287872314,2.2177414894104,2.2022159099579,2.2186877727509,2.2203693389893,2.2227919101715,2.1961762905121,2.1734671592712,2.2005870342255,2.1942093372345,2.1914901733398,2.2277460098267,2.1431179046631,2.1878592967987,2.1561441421509,2.125593662262,2.231828212738,2.1678199768066,2.1411879062653,2.1815316677094,2.202269077301,2.1367485523224,2.1609160900116,2.1798458099365,2.1722116470337,2.0723853111267,2.0792765617371,2.0862953662872,2.1111340522766,2.0463371276855,2.136322259903,2.1019194126129,2.0852208137512,2.0567800998688,2.0580949783325,2.0486476421356,1.9963384866714,2.0226345062256,2.0493195056915,2.1091129779816,2.0119667053223,2.0693156719208,2.083619594574,2.0797572135925,2.0794126987457,2.0315318107605,2.0945291519165,2.019237279892,2.0686988830566,2.1078066825867,2.0638906955719,1.994632601738,1.9882080554962,2.0040893554688,2.0698082447052,2.0947217941284,2.0898261070251,2.021176815033,1.9542282819748,2.0094830989838,1.9889059066772,1.9661890268326,1.9523453712463,2.0290632247925,2.0553641319275,1.9224125146866,1.9633473157883,1.966913819313,1.9626159667969,2.0491600036621,2.0099196434021,1.9575662612915,1.9533495903015,1.9445005655289,1.8830562829971,1.9944640398026,1.9538474082947,1.9681316614151,1.9225556850433,1.9271659851074,1.9616312980652,1.9119169712067,1.9695227146149,1.9757449626923,1.9354465007782,1.9354966878891,1.9194982051849,1.913346529007,1.9122511148453,1.9139832258224,1.9346985816956,1.9545736312866,1.8557978868484,1.8254767656326,1.8697109222412,1.9197293519974,1.8386441469193,1.8269017934799,1.8698816299438,1.8272482156754,1.8662803173065,1.966628909111,1.893763422966,1.8139051198959,1.7937926054001,1.7960122823715,1.8996303081512,1.8897830247879,1.9310568571091,1.8663886785507,1.8691523075104,1.8257857561111,1.8728367090225,1.8278648853302,1.8151431083679,1.7264556884766,1.8786957263947,1.8716691732407,1.8078854084015,1.7760628461838,1.9068590402603,1.8074018955231,1.837931394577,1.8163601160049,1.7789533138275,1.8641234636307,1.8094699382782,1.8284462690353,1.834098815918,1.8032447099686,1.831334233284,1.8353714942932,1.7062355279922,1.6984881162643,1.7110604047775,1.7272551059723,1.7424175739288,1.7255697250366,1.7192845344543,1.7584038972855,1.7912390232086,1.7382879257202,1.8323194980621,1.7714027166367,1.719250202179,1.6566083431244,1.8105844259262,1.6631121635437,1.7945791482925,1.7531648874283,1.7482613325119,1.7381259202957,1.799186706543,1.790672659874,1.7786984443665,1.7084926366806,1.7133948802948,1.7505433559418,1.6682881116867,1.690266251564,1.7415062189102,1.7305277585983,1.6763399839401,1.7165261507034,1.7119648456573,1.7359173297882,1.7137316465378,1.7350186109543,1.7078964710236,1.7631655931473,1.6419188976288,1.6777935028076,1.6119337081909,1.6021839380264,1.6234203577042,1.670211315155,1.7675859928131,1.6742334365845,1.7152953147888,1.6419318914413,1.6173664331436,1.628913640976,1.6225109100342,1.7194811105728,1.6848013401031,1.7460488080978,1.7704781293869,1.6696575880051,1.7000523805618,1.6397310495377,1.7073454856873,1.778324842453,1.7578140497208,1.7116037607193,1.696052312851,1.7986396551132,1.6473609209061,1.6817853450775,1.6700261831284,1.6452602148056,1.6131618022919,1.6467411518097,1.6864255666733,1.7030016183853,1.6524208784103,1.7206218242645,1.7060497999191,1.6874295473099,1.6554433107376,1.5809571743011,1.6441546678543,1.6022760868073,1.5685881376266,1.7016439437866,1.7977260351181,1.7355623245239,1.703216791153,1.6240071058273,1.7205467224121,1.6335961818695,1.6745027303696,1.6425892114639,1.6820698976517,1.584832072258,1.6318625211716,1.5747420787811,1.5373725891113,1.6122643947601,1.5834130048752,1.5817818641663,1.6596169471741,1.648304104805,1.6123566627502,1.6094461679459,1.608616232872,1.5797570943832,1.565255522728,1.5136549472809,1.6359180212021,1.6675086021423,1.6171932220459,1.5619415044785,1.5687553882599,1.5327689647675,1.619807600975,1.5441745519638,1.4653042554855,1.472184419632,1.5312583446503,1.6162619590759,1.5567002296448,1.5326857566833,1.5718342065811,1.609477519989,1.5909029245377,1.6150057315826,1.682896733284,1.5432173013687,1.5350757837296,1.6024228334427,1.5346310138702,1.6029863357544,1.565691947937,1.6027536392212,1.5951364040375,1.6430333852768,1.6428705453873,1.553218126297,1.6121582984924,1.5809203386307,1.5514030456543,1.5542086362839,1.5498524904251,1.6083307266235,1.5667315721512,1.5094708204269,1.6026208400726,1.571227312088,1.4998047351837,1.5647374391556,1.538871049881,1.5805604457855,1.6109004020691,1.6106781959534,1.4741158485413,1.5495247840881,1.5520405769348,1.5613303184509,1.6068527698517,1.4882707595825,1.5071256160736,1.6471366882324,1.5618312358856,1.5599066019058,1.5477797985077,1.5579398870468,1.5194590091705,1.5342341661453,1.5136635303497,1.4817633628845,1.448365688324,1.5129154920578,1.4809632301331,1.5320363044739,1.5221993923187,1.5132454633713,1.4723286628723,1.5172047615051,1.4595388174057,1.4626433849335,1.5403796434402,1.4453989267349,1.4915207624435,1.4200704097748,1.4583721160889,1.3865730762482,1.4785187244415,1.4278184175491,1.4383811950684,1.509120464325,