{"i":1000,"val_loss_history":[1.7099237243334],"val_loss_history_it":[1000],"forward_backward_times":{},"opt":{"max_epochs":50,"checkpoint_every":1000,"batch_size":50,"memory_benchmark":0,"init_from":"","grad_clip":5,"model_type":"lstm","lr_decay_every":5,"print_every":1,"wordvec_size":64,"seq_length":50,"input_json":"data\/The99CentOnlyStoresCookbook.json","num_layers":2,"input_h5":"data\/The99CentOnlyStoresCookbook.h5","reset_iterations":1,"rnn_size":128,"dropout":0,"checkpoint_name":"cv\/checkpoint","batchnorm":0,"learning_rate":0.002,"speed_benchmark":0,"gpu_backend":"cuda","lr_decay_factor":0.5,"gpu":-1},"train_loss_history":[4.6578435897827,4.5385427474976,4.3812623023987,4.1577010154724,3.9758403301239,3.8087437152863,3.6419153213501,3.5976660251617,3.5949058532715,3.5411241054535,3.3337335586548,3.2978858947754,3.4259960651398,3.4472987651825,3.5228343009949,3.4751870632172,3.3468816280365,3.342972278595,3.4103434085846,3.3818376064301,3.3781507015228,3.3962235450745,3.2691397666931,3.2574791908264,3.2985343933105,3.3354001045227,3.3866820335388,3.4067811965942,3.3394620418549,3.3452122211456,3.2817332744598,3.2679924964905,3.2863829135895,3.2503094673157,3.2001397609711,3.168429851532,3.1873710155487,3.1587505340576,3.1435341835022,3.1371474266052,3.1539626121521,3.1011972427368,3.0862061977386,3.0863585472107,3.0560023784637,3.0068624019623,3.057471036911,3.0835587978363,3.0063004493713,2.9994041919708,2.9562284946442,2.9650614261627,2.9103987216949,2.9321548938751,2.9154803752899,2.9103589057922,2.925724029541,2.9138104915619,2.8740799427032,2.8235006332397,2.851247549057,2.8666534423828,2.7912573814392,2.8535284996033,2.8222200870514,2.7660360336304,2.7456936836243,2.7634465694427,2.7608942985535,2.7451241016388,2.67813539505,2.6561133861542,2.6840879917145,2.6804387569427,2.6439046859741,2.6543419361115,2.7222638130188,2.5543639659882,2.5773386955261,2.6003744602203,2.6421020030975,2.632349729538,2.6333153247833,2.5509562492371,2.5916132926941,2.5537116527557,2.5309584140778,2.5584797859192,2.516961812973,2.5070190429688,2.5404760837555,2.5823309421539,2.4689626693726,2.4739038944244,2.4664258956909,2.4783110618591,2.4295563697815,2.4769465923309,2.4489274024963,2.4305765628815,2.3989624977112,2.4339754581451,2.455605506897,2.4238657951355,2.433162689209,2.3987617492676,2.4024996757507,2.3446569442749,2.3589284420013,2.3970205783844,2.40971326828,2.3966925144196,2.3551919460297,2.359201669693,2.3069155216217,2.3423807621002,2.3938522338867,2.3025798797607,2.3277888298035,2.3447210788727,2.3460524082184,2.3270885944366,2.3054156303406,2.3098485469818,2.2672770023346,2.203155040741,2.2169938087463,2.2727451324463,2.2743799686432,2.2400984764099,2.2639305591583,2.3487303256989,2.1862523555756,2.230260848999,2.2308640480042,2.2907428741455,2.2396850585938,2.2183177471161,2.1499090194702,2.2131514549255,2.1854448318481,2.169793844223,2.2160127162933,2.1572096347809,2.1782286167145,2.231162071228,2.2848255634308,2.1370680332184,2.1591219902039,2.124504327774,2.1432738304138,2.1076729297638,2.1838395595551,2.1393191814423,2.1327228546143,2.1062805652618,2.1294870376587,2.1356887817383,2.1340203285217,2.1419506072998,2.1381070613861,2.1214463710785,2.0549840927124,2.0806348323822,2.1321890354156,2.1640105247498,2.1085922718048,2.0517072677612,2.0888352394104,2.03977394104,2.0817897319794,2.1036739349365,2.0301551818848,2.0339815616608,2.049738407135,2.1107659339905,2.0974593162537,2.0340170860291,2.0484163761139,1.9721394777298,1.9116003513336,1.9450999498367,2.0191497802734,2.0117485523224,1.9836884737015,2.0327200889587,2.1144742965698,1.946594119072,1.9948136806488,1.9890815019608,2.0519139766693,1.9806468486786,1.9287036657333,1.8752545118332,1.9499098062515,1.9277584552765,1.9079666137695,1.9833351373672,1.8948539495468,1.9371298551559,2.0150935649872,2.0662496089935,1.9177607297897,1.9181416034698,1.8894685506821,1.8911319971085,1.8722150325775,1.9619626998901,1.9053966999054,1.8976827859879,1.8802952766418,1.9026252031326,1.8949522972107,1.919105887413,1.9233300685883,1.9310629367828,1.9043669700623,1.8180565834045,1.8771535158157,1.9329874515533,1.9776504039764,1.894189119339,1.8294453620911,1.8824474811554,1.8372695446014,1.8858623504639,1.8878017663956,1.815766453743,1.8199015855789,1.8122091293335,1.9465609788895,1.9235998392105,1.8429388999939,1.8721526861191,1.7576771974564,1.7014292478561,1.7630796432495,1.8451191186905,1.817610502243,1.8083820343018,1.8785002231598,1.9587218761444,1.7799708843231,1.8290865421295,1.8377138376236,1.8918719291687,1.8103969097137,1.7473134994507,1.6999609470367,1.7919281721115,1.7719876766205,1.7478388547897,1.8390697240829,1.7427843809128,1.7928347587585,1.8816128969193,1.9287445545197,1.7952009439468,1.7733236551285,1.7500902414322,1.7591828107834,1.7523605823517,1.8394445180893,1.7820597887039,1.7775753736496,1.7646896839142,1.7817320823669,1.7721387147903,1.8216738700867,1.8199605941772,1.8276193141937,1.806542634964,1.7140786647797,1.7936097383499,1.8196521997452,1.8834668397903,1.7893857955933,1.7250881195068,1.7849518060684,1.7367876768112,1.7900677919388,1.7888584136963,1.7200802564621,1.7173548936844,1.7023193836212,1.8709312677383,1.8487199544907,1.7468726634979,1.7852168083191,1.649523973465,1.6040706634521,1.6748558282852,1.7569895982742,1.7225148677826,1.7196968793869,1.8008460998535,1.8721915483475,1.6958869695663,1.7486103773117,1.7568751573563,1.8051928281784,1.7219406366348,1.6479660272598,1.611399769783,1.6995149850845,1.6857377290726,1.6547107696533,1.7539567947388,1.6530202627182,1.7096519470215,1.8051689863205,1.845997095108,1.7192933559418,1.6855374574661,1.6645175218582,1.6745923757553,1.6755465269089,1.7612314224243,1.6997385025024,1.6956162452698,1.6860730648041,1.6992750167847,1.688148856163,1.7422230243683,1.7450550794601,1.7517362833023,1.7266858816147,1.6305042505264,1.7210038900375,1.7447317838669,1.8197861909866,1.7125873565674,1.6493155956268,1.7135202884674,1.6620831489563,1.7154521942139,1.7101497650146,1.6390616893768,1.6350897550583,1.6182624101639,1.8046954870224,1.7838109731674,1.6667820215225,1.7183853387833,1.5647522211075,1.5260577201843,1.6018679141998,1.686786532402,1.6454071998596,1.6489863395691,1.7376275062561,1.8048673868179,1.6273394823074,1.6792922019958,1.6909197568893,1.7347215414047,1.6491824388504,1.5640707015991,1.5406785011292,1.6248438358307,1.6146486997604,1.5832712650299,1.6833144426346,1.5803736448288,1.640584230423,1.7411675453186,1.771791934967,1.6531618833542,1.6128256320953,1.5919998884201,1.6041917800903,1.6106351613998,1.6924645900726,1.6334351301193,1.6276162862778,1.6198898553848,1.6313543319702,1.6193608045578,1.6758819818497,1.6815742254257,1.688179731369,1.6594333648682,1.5618722438812,1.6603232622147,1.6795384883881,1.7667195796967,1.6465883255005,1.5872664451599,1.6544219255447,1.5980269908905,1.6529867649078,1.6413191556931,1.5722707509995,1.5656108856201,1.5476534366608,1.7446738481522,1.7278028726578,1.5971939563751,1.6599181890488,1.4928796291351,1.4593816995621,1.5386997461319,1.6251013278961,1.5801072120667,1.5888611078262,1.6847094297409,1.7476316690445,1.5722191333771,1.6199827194214,1.6343686580658,1.6750613451004,1.5873409509659,1.4920287132263,1.4822510480881,1.561745762825,1.5529217720032,1.5240187644958,1.6227442026138,1.5183522701263,1.5814623832703,1.6872291564941,1.7070931196213,1.5970100164413,1.5507609844208,1.5296266078949,1.5429906845093,1.5552591085434,1.6308801174164,1.5763884782791,1.568098783493,1.5617266893387,1.57157766819,1.5608558654785,1.61880671978,1.6271359920502,1.6321988105774,1.6025260686874,1.501336812973,1.607833147049,1.6230291128159,1.7233457565308,1.5891299247742,1.5334831476212,1.6045780181885,1.5431550741196,1.5996817350388,1.5825291872025,1.5167912244797,1.5073018074036,1.4885764122009,1.6921080350876,1.678807258606,1.5380940437317,1.607808470726,1.4312520027161,1.4010533094406,1.4846218824387,1.5702279806137,1.5234084129333,1.5355410575867,1.6385896205902,1.6928420066833,