{"i":850,"val_loss_history":[1.6376373767853],"val_loss_history_it":[850],"forward_backward_times":{},"opt":{"max_epochs":50,"checkpoint_every":1000,"batch_size":50,"memory_benchmark":0,"init_from":"","grad_clip":5,"model_type":"lstm","lr_decay_every":5,"print_every":1,"wordvec_size":64,"seq_length":50,"input_json":"data\/commodore64_subroutines.json","num_layers":2,"input_h5":"data\/commodore64_subroutines.h5","reset_iterations":1,"rnn_size":128,"dropout":0,"checkpoint_name":"cv\/checkpoint","batchnorm":0,"learning_rate":0.002,"speed_benchmark":0,"gpu_backend":"cuda","lr_decay_factor":0.5,"gpu":-1},"train_loss_history":[4.4611396789551,4.3614978790283,4.2524628639221,4.0740308761597,3.8702127933502,3.7400851249695,3.5167038440704,3.4999957084656,3.3902156352997,3.4096312522888,3.3018448352814,3.3476676940918,3.3657741546631,3.2410264015198,3.2782831192017,3.2644517421722,3.2935831546783,3.2198331356049,3.1861383914948,3.2455940246582,3.19469165802,3.1196517944336,3.1734533309937,3.010990858078,3.0885798931122,2.9758393764496,3.0163304805756,2.9496612548828,2.9801287651062,3.0104694366455,2.8887157440186,2.9283275604248,2.8920676708221,2.9487845897675,2.8689043521881,2.7980201244354,2.9029965400696,2.8026878833771,2.7246975898743,2.7846918106079,2.5945072174072,2.6764223575592,2.5599937438965,2.6138803958893,2.5470671653748,2.5804719924927,2.6314949989319,2.4920227527618,2.5513961315155,2.5328893661499,2.6057372093201,2.5209066867828,2.4677679538727,2.5820789337158,2.4747588634491,2.3982248306274,2.4684529304504,2.3066141605377,2.3712868690491,2.2578616142273,2.3214962482452,2.2871260643005,2.312673330307,2.3689701557159,2.2437965869904,2.3063519001007,2.2998337745667,2.3829112052917,2.3086211681366,2.2670233249664,2.3825030326843,2.2766940593719,2.2084021568298,2.2838323116302,2.1447315216064,2.2067229747772,2.0954649448395,2.156400680542,2.1443099975586,2.1771652698517,2.2310633659363,2.1123242378235,2.1837401390076,2.1740944385529,2.2547390460968,2.2037103176117,2.1604447364807,2.2651727199554,2.1689872741699,2.1004948616028,2.1697521209717,2.0408928394318,2.097416639328,1.996574640274,2.0489981174469,2.0425686836243,2.0745208263397,2.1297929286957,2.0160305500031,2.0865435600281,2.0717449188232,2.1568324565887,2.1202480792999,2.0713918209076,2.1725263595581,2.0735127925873,2.0057923793793,2.075056552887,1.9603531360626,2.0034806728363,1.9116648435593,1.9580619335175,1.9587169885635,1.9882855415344,2.0409650802612,1.9311275482178,2.0049459934235,1.9850882291794,2.0740482807159,2.047621011734,1.9919185638428,2.0900700092316,1.9891277551651,1.9199101924896,1.9897857904434,1.8875677585602,1.9223966598511,1.8383265733719,1.8779566287994,1.8796894550323,1.910388469696,1.9636011123657,1.8574949502945,1.9325211048126,1.9051476716995,1.9994943141937,1.9822007417679,1.9166131019592,2.011864900589,1.9143917560577,1.8432546854019,1.9112827777863,1.819770693779,1.8480681180954,1.7707841396332,1.8065818548203,1.8067140579224,1.8396556377411,1.8933074474335,1.791487455368,1.8660356998444,1.8313028812408,1.9323171377182,1.9271982908249,1.8448216915131,1.9452427625656,1.8556926250458,1.7860649824142,1.8566794395447,1.7675557136536,1.7952831983566,1.7274662256241,1.7603640556335,1.7583683729172,1.7983028888702,1.854422211647,1.7571144104004,1.8343759775162,1.7977818250656,1.8936724662781,1.892715215683,1.807429432869,1.908836722374,1.8192374706268,1.7487211227417,1.8213000297546,1.7360523939133,1.7570888996124,1.6946073770523,1.7232209444046,1.7249480485916,1.7659273147583,1.8185857534409,1.7263904809952,1.8009494543076,1.7641824483871,1.8618580102921,1.867983341217,1.7758605480194,1.8763531446457,1.7893738746643,1.7168436050415,1.7880629301071,1.7053241729736,1.7246123552322,1.6682144403458,1.6920480728149,1.6912958621979,1.7338683605194,1.7866005897522,1.6982072591782,1.7707476615906,1.7317105531693,1.8340795040131,1.8458815813065,1.7452025413513,1.8450654745102,1.7604683637619,1.6868339776993,1.7585843801498,1.6779259443283,1.6938253641129,1.6404695510864,1.6621968746185,1.6604937314987,1.7039996385574,1.755462884903,1.6706205606461,1.7410558462143,1.7008253335953,1.8070328235626,1.8231717348099,1.7135988473892,1.8151228427887,1.7308682203293,1.6566165685654,1.7288480997086,1.649352312088,1.6635549068451,1.6136502027512,1.6327937841415,1.6298079490662,1.6747490167618,1.7250612974167,1.6437900066376,1.7117109298706,1.6704573631287,1.77947306633,1.8030415773392,1.6850897073746,1.7869855165482,1.7058626413345,1.6323698759079,1.706241607666,1.6283543109894,1.6431958675385,1.5955542325974,1.6152124404907,1.6110533475876,1.6584650278091,1.7101665735245,1.6309838294983,1.70006108284,1.6582174301147,1.7614767551422,1.7852382659912,1.6659883260727,1.7728519439697,1.68989610672,1.6152416467667,1.690556883812,1.6140784025192,1.6268566846848,1.5817347764969,1.5994423627853,1.5958255529404,1.6426815986633,1.6929316520691,1.6163532733917,1.6846785545349,1.6430695056915,1.7510800361633,1.7753168344498,1.6517730951309,1.7573660612106,1.6760691404343,1.6022927761078,1.6778767108917,1.6015765666962,1.6126832962036,1.5694216489792,1.5855882167816,1.5810465812683,1.628422498703,1.6787966489792,1.6034947633743,1.6700654029846,1.628326177597,1.7392251491547,1.7657803297043,1.6380077600479,1.7434611320496,1.6626068353653,1.5881977081299,1.6649059057236,1.5890551805496,1.5992387533188,1.557467341423,1.5712023973465,1.5663191080093,1.6147522926331,1.6646921634674,1.5915178060532,1.6558345556259,1.614236831665,1.727335691452,1.7566558122635,1.6237118244171,1.7296701669693,1.6489453315735,1.5739206075668,1.6515419483185,1.576255440712,1.5862301588058,1.5464994907379,1.5573177337646,1.5519649982452,1.6009969711304,1.6500225067139,1.5790797472,1.6421831846237,1.6007571220398,1.7160695791245,1.747391462326,1.6112793684006,1.7163914442062,1.6366965770721,1.56176674366,1.6414155960083,1.5667214393616,1.5763026475906,1.5376583337784,1.5492589473724,1.5440326929092,1.593297958374,1.6424027681351,1.5725202560425,1.6371024847031,1.5959149599075,1.705903172493,1.741030216217,1.6027473211288,1.7113925218582,1.6288313865662,1.5521367788315,1.6312623023987,1.5592138767242,1.5689101219177,1.5326437950134,1.5428651571274,1.5385296344757,1.587016582489,1.6360404491425,1.5666140317917,1.6291836500168,1.5876731872559,1.6998000144958,1.7357896566391,1.596337556839,1.705385684967,1.6231540441513,1.5464284420013,1.6252636909485,1.5522136688232,1.5626885890961,1.5256496667862,1.5348224639893,1.5305235385895,1.5795282125473,1.6285591125488,1.5606546401978,1.6230312585831,1.5813012123108,1.6946861743927,1.7303479909897,1.5890496969223,1.6971055269241,1.6163170337677,1.5397223234177,1.619310259819,1.5462476015091,1.5569603443146,1.5204184055328,1.5283327102661,1.5231504440308,1.5720740556717,1.6210881471634,1.554390668869,1.61585521698,1.5744893550873,1.6897572278976,1.7260490655899,1.5823686122894,1.6906187534332,1.6098881959915,1.5326427221298,1.6126769781113,1.5404448509216,1.5507102012634,1.5153280496597,1.5221902132034,1.51662504673,1.5651794672012,1.6142624616623,1.5483033657074,1.6090267896652,1.5678198337555,1.6842950582504,1.7213823795319,1.5758572816849,1.6835215091705,1.6043844223022,1.5271835327148,1.6083610057831,1.5362017154694,1.5459218025208,1.5114327669144,1.5186121463776,1.5129660367966,1.5621227025986,1.6110228300095,1.5454460382462,1.606750369072,1.5655319690704,1.6788439750671,1.7175225019455,1.5717420578003,1.6814390420914,1.6008454561234,1.5228387117386,1.604231595993,1.532125711441,1.5420713424683,1.5079536437988,1.5145322084427,1.5092393159866,1.557948589325,1.6073631048203,1.5417964458466,1.6029990911484,1.5618171691895,1.6759531497955,1.7142068147659,1.5679513216019,1.6768006086349,1.5970360040665,1.5192750692368,1.6013559103012,1.5290145874023,1.5388927459717,1.5051109790802,1.5109955072403,1.5052896738052,1.5541099309921,1.6034853458405,1.5385502576828,1.5989888906479,1.5580290555954,1.6735095977783,1.7125359773636,1.5648163557053,1.6740230321884,1.5940940380096,1.5158290863037,