{"i":1000,"val_loss_history":[1.8596516370773],"val_loss_history_it":[1000],"forward_backward_times":{},"opt":{"max_epochs":50,"checkpoint_every":1000,"batch_size":50,"memory_benchmark":0,"init_from":"","grad_clip":5,"model_type":"lstm","lr_decay_every":5,"print_every":1,"wordvec_size":64,"seq_length":50,"input_json":"data\/Zombie.json","num_layers":2,"input_h5":"data\/Zombie.h5","reset_iterations":1,"rnn_size":128,"dropout":0,"checkpoint_name":"cv\/checkpoint","batchnorm":0,"learning_rate":0.002,"speed_benchmark":0,"gpu_backend":"cuda","lr_decay_factor":0.5,"gpu":-1},"train_loss_history":[4.7429714202881,4.6544303894043,4.5260415077209,4.3312554359436,4.0977349281311,3.9205024242401,3.7294406890869,3.6164402961731,3.5141038894653,3.4868566989899,3.3174862861633,3.3599324226379,3.2769391536713,3.3094425201416,3.3483438491821,3.3355123996735,3.2323067188263,3.2634375095367,3.3114018440247,3.2603306770325,3.2457890510559,3.3003597259521,3.2018671035767,3.227071762085,3.2220830917358,3.251517534256,3.277747631073,3.2146606445312,3.330292224884,3.2148997783661,3.1585614681244,3.2345025539398,3.2360501289368,3.1711831092834,3.2002749443054,3.2540204524994,3.2482099533081,3.2288911342621,3.170868396759,3.1578540802002,3.1507654190063,3.1638164520264,3.244861125946,3.2043583393097,3.1977758407593,3.1597785949707,3.1019661426544,3.1445405483246,3.1266148090363,3.2093482017517,3.130833864212,3.0705425739288,3.0504372119904,3.0303552150726,2.9919085502625,2.9702854156494,3.0078561306,2.962655544281,2.9863827228546,2.9588086605072,2.9334080219269,2.9110491275787,2.9435305595398,2.9469797611237,2.9368100166321,2.9453477859497,2.8905341625214,2.8820304870605,2.8732724189758,2.9020051956177,2.8110511302948,2.8178908824921,2.8038098812103,2.7686965465546,2.7444846630096,2.8252110481262,2.7484862804413,2.7814915180206,2.7758877277374,2.6998932361603,2.7125797271729,2.6936137676239,2.6753115653992,2.742280960083,2.6456367969513,2.6645750999451,2.6678645610809,2.6270363330841,2.6511352062225,2.6916227340698,2.623153924942,2.5779893398285,2.5577418804169,2.5047371387482,2.6015291213989,2.5933809280396,2.5344817638397,2.6431415081024,2.5899624824524,2.5949573516846,2.6304094791412,2.6023550033569,2.5668876171112,2.5981986522675,2.5118112564087,2.5197336673737,2.5860452651978,2.5317656993866,2.5068824291229,2.5340452194214,2.5249314308167,2.5593423843384,2.5477225780487,2.5061075687408,2.5196166038513,2.4789087772369,2.4781110286713,2.4808118343353,2.5063805580139,2.5413691997528,2.5169486999512,2.4614124298096,2.4834494590759,2.4822416305542,2.494537115097,2.4985363483429,2.4996886253357,2.4757783412933,2.4810497760773,2.5099222660065,2.4960849285126,2.4935123920441,2.4425828456879,2.4382321834564,2.4318883419037,2.474351644516,2.4504923820496,2.3878359794617,2.4523358345032,2.3741016387939,2.4054028987885,2.4178023338318,2.3785164356232,2.3857836723328,2.3996434211731,2.4142055511475,2.4531803131104,2.4069504737854,2.4197385311127,2.4084219932556,2.3708202838898,2.4225754737854,2.4445970058441,2.3501868247986,2.3697214126587,2.4536170959473,2.4062895774841,2.391747713089,2.4209368228912,2.4093086719513,2.4003620147705,2.3884627819061,2.3397464752197,2.3385014533997,2.37637591362,2.3136582374573,2.370374917984,2.3100442886353,2.3181502819061,2.312716960907,2.3197979927063,2.3639147281647,2.3180599212646,2.3295903205872,2.3049466609955,2.360719203949,2.3333683013916,2.3228378295898,2.3534009456635,2.3731684684753,2.3580482006073,2.3826785087585,2.2917332649231,2.3499021530151,2.3434298038483,2.292732000351,2.3375670909882,2.2836110591888,2.2585172653198,2.265300989151,2.3263690471649,2.2317845821381,2.2938797473907,2.2805829048157,2.2236115932465,2.2818455696106,2.266991853714,2.2298827171326,2.240966796875,2.2277257442474,2.213751077652,2.2181510925293,2.3056962490082,2.2620055675507,2.2907483577728,2.2039320468903,2.2299449443817,2.2292985916138,2.2331321239471,2.2269878387451,2.2460153102875,2.238386631012,2.3038189411163,2.2284564971924,2.2899813652039,2.2157375812531,2.2122533321381,2.2256383895874,2.1998496055603,2.1927874088287,2.2298748493195,2.271598815918,2.1846969127655,2.1969556808472,2.2227249145508,2.2116634845734,2.1869025230408,2.1370587348938,2.182000875473,2.1595430374146,2.1397438049316,2.206285238266,2.1695370674133,2.1420147418976,2.1881275177002,2.1549863815308,2.2062714099884,2.1336793899536,2.1823091506958,2.1279625892639,2.2340557575226,2.1758096218109,2.1388552188873,2.1493625640869,2.1415476799011,2.1537384986877,2.205037355423,2.2075545787811,2.2526490688324,2.1468381881714,2.1666922569275,2.1349205970764,2.2282526493073,2.2146778106689,2.1672210693359,2.1859686374664,2.1569533348083,2.1089282035828,2.1233639717102,2.1409182548523,2.1721863746643,2.2232954502106,2.1766495704651,2.1699595451355,2.1563725471497,2.2164771556854,2.1918053627014,2.193407535553,2.1897122859955,2.1371221542358,2.1442005634308,2.1314489841461,2.1910064220428,2.1284246444702,2.1558947563171,2.145486831665,2.1335883140564,2.1139073371887,2.1933624744415,2.1192879676819,2.173770904541,2.1580491065979,2.144547700882,2.1559958457947,2.1151187419891,2.1080749034882,2.1831946372986,2.1043810844421,2.1184377670288,2.1257653236389,2.0891537666321,2.1310403347015,2.1644814014435,2.0976881980896,2.073290348053,2.0366036891937,2.0065093040466,2.0981829166412,2.112021446228,2.0554554462433,2.1959762573242,2.1193130016327,2.109471321106,2.1722524166107,2.1399235725403,2.0787770748138,2.1338894367218,2.0743188858032,2.1185209751129,2.162558555603,2.103333234787,2.0747129917145,2.099428653717,2.081573009491,2.1111135482788,2.1161456108093,2.0863020420074,2.0638358592987,2.0493359565735,2.0639033317566,2.0650584697723,2.0998132228851,2.109043598175,2.1289029121399,2.0952265262604,2.1037113666534,2.0636858940125,2.0955033302307,2.1080219745636,2.1105704307556,2.0732707977295,2.0783271789551,2.1614620685577,2.11643242836,2.1154689788818,2.0996904373169,2.0729250907898,2.064115524292,2.139625787735,2.1031639575958,2.0534720420837,2.0981531143188,2.0283885002136,2.0598139762878,2.0577986240387,2.0183966159821,2.0337343215942,2.042750120163,2.0842351913452,2.1106462478638,2.0926322937012,2.1041877269745,2.076461315155,2.0496428012848,2.0890200138092,2.1423242092133,2.0338144302368,2.0582582950592,2.1171526908875,2.0791125297546,2.0958044528961,2.104620218277,2.0826842784882,2.0710556507111,2.0497541427612,2.0159339904785,2.0536596775055,2.0292901992798,1.9976825714111,2.0592300891876,2.0142090320587,2.0103869438171,1.9822927713394,1.9922615289688,2.0611188411713,2.0237002372742,2.0442957878113,2.0159356594086,2.0918891429901,2.0505979061127,2.0418839454651,2.0601596832275,2.0790114402771,2.0603978633881,2.0882344245911,2.0105414390564,2.0752663612366,2.0487432479858,2.0101733207703,2.060122013092,2.0056643486023,1.9949100017548,2.0238401889801,2.0573599338531,1.9519670009613,2.0300238132477,1.9991066455841,1.9377017021179,2.0288960933685,2.0037944316864,1.962837100029,2.012015581131,1.9589855670929,1.947579741478,1.977371931076,2.0564079284668,2.0254786014557,2.0423469543457,1.9417773485184,1.9805339574814,1.9655441045761,1.9821437597275,1.9594640731812,2.0042643547058,1.9945343732834,2.0753946304321,2.0210678577423,2.0701541900635,1.9664291143417,1.9623249769211,1.9934111833572,1.9589602947235,1.9609010219574,1.9972486495972,2.0258469581604,1.9556001424789,1.9646371603012,2.0009953975677,2.0110290050507,1.9618133306503,1.9153003692627,1.9413038492203,1.9125429391861,1.9188596010208,1.98399746418,1.9506211280823,1.909336566925,1.9494714736938,1.9374923706055,1.9920693635941,1.9272408485413,1.9614431858063,1.9206680059433,2.0393214225769,1.9720652103424,1.9361267089844,1.9493421316147,1.9276138544083,1.9289072751999,1.9797435998917,2.0094742774963,2.069267988205,1.9344732761383,1.9624947309494,1.9198263883591,1.9957412481308,1.9889580011368,1.9435138702393,1.9971210956573,1.9722753763199,1.9025521278381,1.9349925518036,1.9174180030823,1.9622551202774,2.0133526325226,1.9698507785797,