{"i":1000,"val_loss_history":[1.8430244645407],"val_loss_history_it":[1000],"forward_backward_times":{},"opt":{"max_epochs":50,"checkpoint_every":1000,"batch_size":50,"memory_benchmark":0,"init_from":"","grad_clip":5,"model_type":"lstm","lr_decay_every":5,"print_every":1,"wordvec_size":64,"seq_length":50,"input_json":"data\/futurist_anarchy.json","num_layers":2,"input_h5":"data\/futurist_anarchy.h5","reset_iterations":1,"rnn_size":128,"dropout":0,"checkpoint_name":"cv\/checkpoint","batchnorm":0,"learning_rate":0.002,"speed_benchmark":0,"gpu_backend":"cuda","lr_decay_factor":0.5,"gpu":-1},"train_loss_history":[4.8892393112183,4.779182434082,4.6285080909729,4.4147381782532,4.1371412277222,3.9180660247803,3.7326109409332,3.663515329361,3.5975706577301,3.4858176708221,3.374100446701,3.3892476558685,3.4675176143646,3.3651077747345,3.3056547641754,3.3469684123993,3.319947719574,3.3459410667419,3.2777874469757,3.249382019043,3.3027503490448,3.2389695644379,3.293664932251,3.2217116355896,3.2080326080322,3.3312766551971,3.2552042007446,3.2984383106232,3.2469997406006,3.3716456890106,3.2976491451263,3.1891794204712,3.1917772293091,3.2087640762329,3.0988078117371,3.1885516643524,3.0685391426086,3.1455185413361,3.1384475231171,3.0849163532257,3.0897324085236,3.1591508388519,3.1156322956085,3.0840976238251,3.0882346630096,3.0988864898682,3.0091371536255,2.9959619045258,3.0364811420441,2.9982573986053,2.9717178344727,3.0150632858276,3.0152003765106,2.9607944488525,2.9709677696228,2.9430649280548,2.8638682365417,2.9174809455872,2.8552660942078,2.8471019268036,2.8423113822937,2.8748958110809,2.9286901950836,2.9042136669159,2.8769600391388,2.8432509899139,2.8180000782013,2.8186666965485,2.8369207382202,2.8489599227905,2.856538772583,2.7503242492676,2.8755533695221,2.7573029994965,2.7495348453522,2.7706484794617,2.7187783718109,2.7957530021667,2.8095853328705,2.7834975719452,2.811261177063,2.7539322376251,2.7113964557648,2.8152401447296,2.6921248435974,2.7211153507233,2.6716389656067,2.6999440193176,2.6403725147247,2.6847577095032,2.5795831680298,2.5926501750946,2.6545653343201,2.6153335571289,2.5724821090698,2.6082844734192,2.5674138069153,2.618661403656,2.5276510715485,2.5280742645264,2.5113055706024,2.5745918750763,2.5611815452576,2.5439124107361,2.5332922935486,2.562628030777,2.5898361206055,2.5140309333801,2.6074202060699,2.5527701377869,2.5345897674561,2.5018467903137,2.4430980682373,2.5557837486267,2.6485159397125,2.4435336589813,2.4709830284119,2.4336936473846,2.5695474147797,2.5513281822205,2.5044083595276,2.4608840942383,2.554407119751,2.4927263259888,2.3895981311798,2.4640517234802,2.4748954772949,2.4725456237793,2.5288259983063,2.5237090587616,2.4573683738708,2.4482889175415,2.4139215946198,2.4500589370728,2.4535870552063,2.4661757946014,2.3779788017273,2.4209463596344,2.439802646637,2.3526885509491,2.4622085094452,2.4515764713287,2.4264223575592,2.4045851230621,2.393979549408,2.377491235733,2.3820202350616,2.4077651500702,2.4014043807983,2.4355549812317,2.3885252475739,2.3608226776123,2.3277597427368,2.4623894691467,2.3527703285217,2.3716073036194,2.2916734218597,2.2979445457458,2.3767461776733,2.3547632694244,2.3272531032562,2.3886213302612,2.3513813018799,2.3713340759277,2.2992885112762,2.3973457813263,2.3181889057159,2.2480087280273,2.3374953269958,2.3395159244537,2.2651076316833,2.3738198280334,2.2919728755951,2.3388197422028,2.2747275829315,2.3521461486816,2.3099734783173,2.3468012809753,2.2721104621887,2.2761006355286,2.2904889583588,2.3005051612854,2.3065190315247,2.3336098194122,2.2977824211121,2.326110124588,2.3186678886414,2.3447935581207,2.3064122200012,2.3567047119141,2.3215532302856,2.3230745792389,2.2548944950104,2.2783279418945,2.2196893692017,2.2452101707458,2.2808248996735,2.2010283470154,2.2726695537567,2.2531473636627,2.2734708786011,2.21351313591,2.2561812400818,2.2101802825928,2.2492821216583,2.312394618988,2.2004823684692,2.270067691803,2.2437410354614,2.217750787735,2.2417814731598,2.2617886066437,2.2173459529877,2.2623875141144,2.2383098602295,2.2336161136627,2.2673177719116,2.2764527797699,2.2975749969482,2.2720220088959,2.2674527168274,2.198970079422,2.2437901496887,2.2648401260376,2.2339823246002,2.2259585857391,2.209246635437,2.2366602420807,2.1608345508575,2.2041399478912,2.2702689170837,2.2084307670593,2.2138078212738,2.1705899238586,2.1797304153442,2.0998990535736,2.1391384601593,2.1789767742157,2.227320432663,2.1771216392517,2.2514696121216,2.2106711864471,2.1397800445557,2.1417126655579,2.213981628418,2.19225025177,2.1618287563324,2.1843864917755,2.1500015258789,2.1838231086731,2.1133921146393,2.1393930912018,2.152307510376,2.172048330307,2.2150826454163,2.1727652549744,2.172210931778,2.1444573402405,2.1038534641266,2.1530296802521,2.1043455600739,2.1356108188629,2.1240873336792,2.1411111354828,2.1859912872314,2.2090198993683,2.1489853858948,2.1913478374481,2.1117014884949,2.0438125133514,2.1183271408081,2.1387422084808,2.1171288490295,2.1501784324646,2.1032598018646,2.1433486938477,2.1236069202423,2.1106164455414,2.1316938400269,2.1226398944855,2.1038842201233,2.1290059089661,2.1808915138245,2.1114130020142,2.2243852615356,2.0978097915649,2.1697015762329,2.0672616958618,2.1136889457703,2.0568766593933,2.080623626709,2.1757383346558,2.0823986530304,2.0588133335114,2.066074848175,2.0707643032074,2.0828607082367,2.0547895431519,2.0794739723206,2.0674798488617,2.1700985431671,2.1623160839081,2.100079536438,2.1022543907166,2.0998628139496,2.0887126922607,2.0293853282928,2.093435049057,2.1188879013062,2.1388690471649,2.108494758606,2.0190327167511,2.0968940258026,2.1013906002045,2.1096532344818,2.1175553798676,2.0213379859924,2.0824995040894,2.1342179775238,2.0458903312683,2.1130740642548,2.1217348575592,2.069837808609,2.1130511760712,2.0269250869751,2.0703585147858,2.0311796665192,2.0588567256927,2.193172454834,2.0858252048492,2.1192312240601,1.9653652906418,1.9688365459442,1.9975568056107,2.0816180706024,2.0753817558289,2.0529181957245,1.9980312585831,2.0392374992371,2.1143956184387,2.0453097820282,2.0501084327698,2.0860660076141,2.0262043476105,2.0907707214355,2.0559766292572,2.0516221523285,2.05091381073,1.9709986448288,2.0299088954926,2.0564699172974,2.0760366916656,2.0093030929565,2.0292875766754,2.0520339012146,2.0059344768524,1.9683113098145,2.0083930492401,1.9658184051514,1.993221282959,2.0071411132812,1.9761360883713,2.0203192234039,2.0049924850464,1.9766303300858,1.9621937274933,1.9822152853012,2.0043988227844,2.0104403495789,1.9795918464661,1.9696415662766,2.0017666816711,1.9634816646576,2.0587389469147,1.9779272079468,2.0011909008026,2.0434749126434,1.9823184013367,2.0696671009064,2.0218415260315,2.1024403572083,2.0892291069031,1.9657148122787,2.0277299880981,2.0411796569824,1.9055716991425,2.0046710968018,1.8971712589264,1.9906421899796,1.9548168182373,2.0164670944214,1.9763027429581,2.0344703197479,1.9818812608719,1.9908376932144,1.9213384389877,2.0039660930634,1.9217984676361,1.9516209363937,1.9641262292862,1.9333671331406,1.9100058078766,1.9415707588196,2.0137822628021,1.9251650571823,1.9932255744934,1.939613699913,1.9199923276901,1.9405056238174,1.9067422151566,1.9351148605347,1.9482406377792,1.9694496393204,2.0001809597015,2.0658030509949,2.0006334781647,2.001268863678,1.9752402305603,1.9766705036163,2.0010619163513,1.9768512248993,2.0623331069946,1.9235121011734,2.0562307834625,1.9559987783432,1.9320130348206,1.9828199148178,1.9478656053543,2.0233159065247,2.0483820438385,2.0420322418213,2.0800330638885,2.0465459823608,1.9758113622665,2.1070334911346,1.9683339595795,2.0031106472015,1.9598364830017,1.989616394043,1.9492322206497,1.9970473051071,1.8545261621475,1.9277312755585,2.0031025409698,1.9219508171082,1.9251636266708,1.9724107980728,1.9000079631805,1.9823995828629,1.8931095600128,1.8925585746765,1.8796087503433,1.9950612783432,1.9290724992752,1.921154499054,1.8941779136658,1.9220246076584,2.0022420883179,1.9559519290924,2.045646905899,1.9971779584885,2.0023176670074,1.9308806657791,1.8733146190643,