{"i":1000,"val_loss_history":[1.8425721675158],"val_loss_history_it":[1000],"forward_backward_times":{},"opt":{"max_epochs":50,"checkpoint_every":1000,"batch_size":50,"memory_benchmark":0,"init_from":"","grad_clip":5,"model_type":"lstm","lr_decay_every":5,"print_every":1,"wordvec_size":64,"seq_length":50,"input_json":"data\/prison_refugees.json","num_layers":2,"input_h5":"data\/prison_refugees.h5","reset_iterations":1,"rnn_size":128,"dropout":0,"checkpoint_name":"cv\/checkpoint","batchnorm":0,"learning_rate":0.002,"speed_benchmark":0,"gpu_backend":"cuda","lr_decay_factor":0.5,"gpu":-1},"train_loss_history":[4.6547880172729,4.5408654212952,4.3506488800049,4.1346592903137,3.8492996692657,3.7369639873505,3.5659289360046,3.492133140564,3.40473985672,3.3334016799927,3.3250050544739,3.4355909824371,3.3528456687927,3.3545706272125,3.3097102642059,3.4060308933258,3.3703100681305,3.2809324264526,3.3466835021973,3.3140234947205,3.3259823322296,3.2963199615479,3.2568957805634,3.2943909168243,3.2695417404175,3.2456831932068,3.2040839195251,3.3026084899902,3.2150311470032,3.3326344490051,3.2406878471375,3.3230555057526,3.2014229297638,3.1640875339508,3.1840887069702,3.2033636569977,3.1785457134247,3.2323086261749,3.2593913078308,3.1725261211395,3.2724297046661,3.2247984409332,3.1466658115387,3.1731946468353,3.0987014770508,3.202445268631,3.1099286079407,3.1306507587433,3.0768082141876,3.0759627819061,3.0403649806976,3.0554332733154,3.0521614551544,3.0085136890411,2.9807748794556,2.9583518505096,2.966329574585,2.965767621994,2.9734835624695,2.9784169197083,2.970564365387,2.9077177047729,2.9850254058838,2.8916907310486,2.9214596748352,2.9479200839996,2.8910706043243,2.870459318161,2.924435377121,2.8300948143005,2.7703824043274,2.8058414459229,2.8259267807007,2.7842223644257,2.7985188961029,2.7421922683716,2.7592017650604,2.7218778133392,2.7434649467468,2.7357785701752,2.7333478927612,2.6849114894867,2.6818001270294,2.6319229602814,2.6594848632812,2.6914911270142,2.6324365139008,2.6075992584229,2.6083858013153,2.6494512557983,2.6191000938416,2.5751171112061,2.5783066749573,2.5831961631775,2.5477035045624,2.5553770065308,2.5747337341309,2.5091407299042,2.5854520797729,2.5379390716553,2.5889363288879,2.5240354537964,2.4731695652008,2.4693608283997,2.5137357711792,2.4816920757294,2.4877631664276,2.5190796852112,2.4814133644104,2.5502650737762,2.5381484031677,2.4782145023346,2.4668946266174,2.4371807575226,2.4743041992188,2.4543449878693,2.4777779579163,2.4201836585999,2.4445190429688,2.4357008934021,2.4439978599548,2.4350469112396,2.4211580753326,2.3817110061646,2.3941006660461,2.3996725082397,2.4104614257812,2.4220206737518,2.3975894451141,2.4210119247437,2.3815774917603,2.4396967887878,2.3757510185242,2.3824832439423,2.4208762645721,2.4249324798584,2.3759024143219,2.4509885311127,2.3606886863708,2.3203883171082,2.3582098484039,2.3420214653015,2.3546612262726,2.3576498031616,2.3317849636078,2.3504376411438,2.301796913147,2.3462328910828,2.3461611270905,2.3480100631714,2.3119344711304,2.3056213855743,2.279994726181,2.2987399101257,2.3469648361206,2.2951972484589,2.2608623504639,2.2732062339783,2.3212950229645,2.2669491767883,2.2602224349976,2.2694735527039,2.2829735279083,2.2400500774384,2.2610528469086,2.280170917511,2.230108499527,2.2966864109039,2.2597949504852,2.3126323223114,2.2568564414978,2.2098641395569,2.2061793804169,2.2497189044952,2.2248792648315,2.2219655513763,2.2578885555267,2.2284896373749,2.2958967685699,2.3046612739563,2.2458996772766,2.2094235420227,2.2092380523682,2.2305817604065,2.2097356319427,2.2538936138153,2.1844930648804,2.2154903411865,2.2407987117767,2.2308280467987,2.2173798084259,2.2125306129456,2.1753871440887,2.1838705539703,2.1919815540314,2.2128357887268,2.210305929184,2.1944217681885,2.2265777587891,2.202671289444,2.2621328830719,2.1919810771942,2.1921997070312,2.2257573604584,2.2440800666809,2.1858458518982,2.2647616863251,2.1815798282623,2.1355504989624,2.1678771972656,2.161055803299,2.1684694290161,2.168053150177,2.1489713191986,2.1712937355042,2.131724357605,2.1796336174011,2.176952123642,2.1876580715179,2.1526956558228,2.1291532516479,2.1270129680634,2.1462752819061,2.1774504184723,2.1401448249817,2.1022846698761,2.1071872711182,2.1544725894928,2.0830497741699,2.1007947921753,2.1083817481995,2.1195473670959,2.07923579216,2.0974271297455,2.1263315677643,2.0752358436584,2.1397106647491,2.1154685020447,2.1529729366302,2.1123149394989,2.0736827850342,2.0645854473114,2.1020681858063,2.0859713554382,2.0791869163513,2.1185858249664,2.0933938026428,2.1611850261688,2.1717510223389,2.1197798252106,2.0728824138641,2.0741486549377,2.1101326942444,2.0714979171753,2.1278502941132,2.0631408691406,2.0819842815399,2.1186656951904,2.1143989562988,2.0992722511292,2.0968132019043,2.0597116947174,2.0627388954163,2.0660252571106,2.0928432941437,2.0866401195526,2.0707862377167,2.1105444431305,2.0991575717926,2.1530668735504,2.0739488601685,2.0741748809814,2.1083104610443,2.1311161518097,2.0660560131073,2.1350209712982,2.0809206962585,2.0167212486267,2.0602114200592,2.0595507621765,2.0446891784668,2.0489227771759,2.0428695678711,2.0532262325287,2.0344824790955,2.074755191803,2.0689725875854,2.0898146629333,2.0546662807465,2.020836353302,2.0293197631836,2.0551450252533,2.0726506710052,2.046826839447,2.003023147583,2.0015699863434,2.0493559837341,1.9776718616486,1.9996259212494,2.0073111057281,2.0280892848969,1.9899936914444,2.0051927566528,2.0243673324585,1.9900056123734,2.0466210842133,2.0226657390594,2.0566983222961,2.0229482650757,1.9910897016525,1.9821585416794,2.0185122489929,2.0057067871094,1.9952808618546,2.0374891757965,2.0132529735565,2.0782117843628,2.0890972614288,2.0404326915741,1.9980282783508,1.9965941905975,2.0343294143677,1.983146071434,2.053079366684,1.9882611036301,2.0013749599457,2.0422472953796,2.052042722702,2.0262219905853,2.0332100391388,1.9971122741699,1.9877732992172,2.0003051757812,2.0292963981628,2.022364616394,2.0090110301971,2.0520467758179,2.0444712638855,2.0965917110443,2.0143392086029,2.0180630683899,2.0511176586151,2.0782842636108,2.0118634700775,2.0505089759827,2.0170941352844,1.9703261852264,2.0086953639984,2.0018081665039,1.9892843961716,1.9969843626022,1.9935773611069,1.9963513612747,1.9901521205902,2.0223987102509,2.0166215896606,2.0435774326324,2.0117206573486,1.9683082103729,1.984218120575,2.0087993144989,2.0198903083801,1.9973529577255,1.9520853757858,1.9526143074036,1.9984014034271,1.9303033351898,1.9516189098358,1.9571433067322,1.9826393127441,1.9400738477707,1.958743929863,1.9761191606522,1.9469789266586,1.9977203607559,1.9752863645554,2.006382226944,1.9722903966904,1.9468185901642,1.9399945735931,1.9737496376038,1.9605283737183,1.9527276754379,1.9908353090286,1.9687113761902,2.0301682949066,2.0412068367004,1.9973131418228,1.9512957334518,1.9489544630051,1.9896656274796,1.934326171875,2.0107157230377,1.9446855783463,1.9511021375656,2.0013334751129,2.0101246833801,1.9837552309036,1.9914603233337,1.9537329673767,1.9457499980927,1.9617047309875,1.9870009422302,1.9786655902863,1.9650200605392,2.0106012821198,2.0066430568695,2.0535748004913,1.9692007303238,1.97265625,2.002242565155,2.036119222641,1.9654543399811,1.9950865507126,1.975090265274,1.9310727119446,1.9695738554001,1.9593861103058,1.9430338144302,1.9547970294952,1.9526863098145,1.9482862949371,1.9490529298782,1.9825004339218,1.9746574163437,2.0034306049347,1.9742012023926,1.9243439435959,1.9445472955704,1.970245718956,1.9769978523254,1.9559452533722,1.9057769775391,1.9103162288666,1.9534767866135,1.8840788602829,1.9098989963531,1.9121230840683,1.9442310333252,1.8968255519867,1.9157501459122,1.9347628355026,1.9085140228271,1.9535481929779,1.9351640939713,1.9612963199615,1.9264814853668,1.9092646837234,1.9030678272247,1.933452129364,1.9204566478729,1.9148619174957,1.9492119550705,1.9299298524857,1.9868537187576,1.9974751472473,1.9570353031158,1.9095900058746,1.9052459001541,1.9493857622147,1.8921365737915,1.9729355573654,1.9039855003357,1.9036763906479,