{"i":1000,"val_loss_history":[1.1329884618521],"val_loss_history_it":[1000],"forward_backward_times":{},"opt":{"max_epochs":50,"checkpoint_every":1000,"batch_size":50,"memory_benchmark":0,"init_from":"","grad_clip":5,"model_type":"lstm","lr_decay_every":5,"print_every":1,"wordvec_size":64,"seq_length":50,"input_json":"data\/amish.json","num_layers":2,"input_h5":"data\/amish.h5","reset_iterations":1,"rnn_size":128,"dropout":0,"checkpoint_name":"cv\/checkpoint","batchnorm":0,"learning_rate":0.002,"speed_benchmark":0,"gpu_backend":"cuda","lr_decay_factor":0.5,"gpu":-1},"train_loss_history":[4.5096249580383,4.2830939292908,4.0888867378235,3.8414011001587,3.4847621917725,3.3843343257904,3.2381815910339,3.0013222694397,2.7380788326263,2.8491487503052,2.8367421627045,2.633535861969,2.6758275032043,2.7577178478241,2.661584854126,2.696221113205,2.7185289859772,2.7259595394135,2.6368584632874,2.6190409660339,2.5521771907806,2.585666179657,2.7002346515656,2.6400990486145,2.636561870575,2.6187105178833,2.6090331077576,2.5980176925659,2.7472162246704,2.7473509311676,2.6100897789001,2.6028296947479,2.56964802742,2.7692422866821,2.6903009414673,2.5413422584534,2.5677397251129,2.6057798862457,2.6378347873688,2.7351319789886,2.7437386512756,2.570366859436,2.5874752998352,2.6598844528198,2.6609983444214,2.6696050167084,2.530047416687,2.4715161323547,2.5607180595398,2.5112612247467,2.4812831878662,2.5894734859467,2.6427474021912,2.5877799987793,2.4801213741302,2.4744031429291,2.4028203487396,2.4461276531219,2.536833524704,2.4833190441132,2.2950189113617,2.3634822368622,2.4978966712952,2.5888874530792,2.422111749649,2.402459859848,2.3500330448151,2.3127965927124,2.3264482021332,2.281968832016,2.1386425495148,2.1445665359497,2.213146686554,2.1295638084412,2.1742670536041,2.1929516792297,2.116060256958,2.1798903942108,2.2310922145844,2.3349392414093,2.177503824234,2.2536001205444,2.2453269958496,2.2797105312347,2.3118424415588,2.2087762355804,2.2021780014038,2.294153213501,2.2566046714783,2.3248469829559,2.3031177520752,2.3587167263031,2.2842130661011,2.1995167732239,2.1496634483337,2.1294872760773,2.1457548141479,2.1118626594543,2.0348522663116,1.9132095575333,1.959841966629,2.0307898521423,2.0549097061157,1.9080862998962,1.7308279275894,1.8169244527817,1.8868288993835,2.0294978618622,2.1052391529083,2.1175708770752,1.9186766147614,1.8903478384018,1.9433851242065,1.9608730077744,2.1452615261078,2.033303976059,2.0911502838135,2.1081221103668,2.0415587425232,1.944965004921,1.916938662529,1.9041421413422,1.8851158618927,1.8826506137848,1.8394417762756,1.814847111702,1.8215702772141,1.7605999708176,1.9520071744919,1.8770176172256,1.8568102121353,1.747391462326,1.9297529459,1.8816134929657,1.8703271150589,1.9214705228806,1.9317222833633,1.844899058342,1.9479016065598,1.7857134342194,2.0315079689026,1.916167974472,1.8147677183151,1.6822063922882,1.6749433279037,1.7498962879181,1.6558413505554,1.7260605096817,1.8102296590805,1.8843318223953,1.8894640207291,1.8627052307129,1.9150543212891,1.8227244615555,1.9589581489563,1.8957861661911,1.9416366815567,1.8743015527725,1.7932006120682,1.7182743549347,1.794078707695,2.0133395195007,1.8235572576523,1.8892062902451,1.9341802597046,1.7674822807312,1.8873071670532,1.8668513298035,1.7495142221451,1.5796172618866,1.6787521839142,1.6725089550018,1.5863400697708,1.5895487070084,1.6949572563171,1.6234035491943,1.6520739793777,1.7588309049606,1.6775271892548,1.627173781395,1.5919655561447,1.5885994434357,1.5689716339111,1.6734136343002,1.6682267189026,1.6601363420486,1.7045296430588,1.6056051254272,1.6542996168137,1.7856949567795,1.7075304985046,1.636719584465,1.6848587989807,1.6334140300751,1.7679915428162,1.6807669401169,1.6160496473312,1.678200006485,1.6926300525665,1.7257255315781,1.801784992218,1.7721421718597,1.6360776424408,1.6814814805984,1.7185912132263,1.7673218250275,1.7444573640823,1.5980740785599,1.6491941213608,1.6371376514435,1.6246545314789,1.5838367938995,1.6832216978073,1.7048498392105,1.6826628446579,1.6034443378448,1.6475558280945,1.5818016529083,1.6053162813187,1.6536902189255,1.6158758401871,1.4718672037125,1.5668702125549,1.6573226451874,1.7635709047318,1.6378171443939,1.617960691452,1.5795240402222,1.5549045801163,1.5733734369278,1.5238482952118,1.4225515127182,1.4178406000137,1.4989188909531,1.3862708806992,1.4272717237473,1.473485827446,1.401722073555,1.5496084690094,1.5249379873276,1.600487112999,1.4944150447845,1.6238168478012,1.6743831634521,1.6787999868393,1.6549981832504,1.5341109037399,1.5592781305313,1.688288807869,1.6112658977509,1.7055109739304,1.6778228282928,1.7669956684113,1.6553211212158,1.5960954427719,1.5572409629822,1.5539256334305,1.5291583538055,1.5331227779388,1.4671854972839,1.4064112901688,1.4644064903259,1.5408357381821,1.5065196752548,1.3972985744476,1.2325776815414,1.3433401584625,1.3540678024292,1.4922403097153,1.5720336437225,1.5577453374863,1.442816734314,1.45123898983,1.4707279205322,1.4912011623383,1.6428986787796,1.5248745679855,1.6196551322937,1.6317617893219,1.5559062957764,1.5119558572769,1.4902843236923,1.4242951869965,1.4332851171494,1.4305771589279,1.3888561725616,1.3758896589279,1.3610471487045,1.3578479290009,1.5164667367935,1.4704415798187,1.4057160615921,1.3778120279312,1.458722114563,1.4354281425476,1.4377888441086,1.4632894992828,1.5012398958206,1.4521671533585,1.5182864665985,1.4039225578308,1.5899764299393,1.5044553279877,1.4084588289261,1.299239397049,1.2913285493851,1.3457040786743,1.3099988698959,1.3729863166809,1.4279710054398,1.5263903141022,1.5066210031509,1.4523049592972,1.5559319257736,1.4256063699722,1.5259001255035,1.5024484395981,1.5586602687836,1.508516907692,1.4558725357056,1.3540586233139,1.4715361595154,1.6731623411179,1.4765156507492,1.4874354600906,1.5409148931503,1.4088329076767,1.5212178230286,1.4903146028519,1.4173809289932,1.2434450387955,1.3361848592758,1.3459041118622,1.2478764057159,1.2735031843185,1.4089367389679,1.2889366149902,1.3231257200241,1.4405660629272,1.3308429718018,1.3349459171295,1.2994742393494,1.2794519662857,1.2487683296204,1.3783831596375,1.3622035980225,1.3754622936249,1.3796494007111,1.2861301898956,1.3245060443878,1.4763345718384,1.379466176033,1.3300454616547,1.3898264169693,1.3463331460953,1.4316290616989,1.3847690820694,1.3157025575638,1.3913758993149,1.3860189914703,1.4593313932419,1.4993489980698,1.5120770931244,1.3740215301514,1.4048733711243,1.4232468605042,1.5061789751053,1.4801143407822,1.314435005188,1.3774652481079,1.3700213432312,1.3794267177582,1.3119274377823,1.4104108810425,1.4225233793259,1.4062304496765,1.3647842407227,1.4044917821884,1.342400431633,1.3451708555222,1.3655354976654,1.3402984142303,1.2237989902496,1.3147362470627,1.3920248746872,1.4943037033081,1.3915996551514,1.3405966758728,1.3451772928238,1.316342830658,1.3208060264587,1.2678186893463,1.1719648838043,1.1519774198532,1.2284893989563,1.122766494751,1.1477640867233,1.2189619541168,1.1578729152679,1.317818403244,1.2592294216156,1.341453909874,1.2539459466934,1.3939843177795,1.4718420505524,1.4581823348999,1.4298553466797,1.3203879594803,1.3301537036896,1.4782248735428,1.377841591835,1.4853490591049,1.4576315879822,1.5510861873627,1.4350097179413,1.374400138855,1.3429712057114,1.3527421951294,1.2805880308151,1.3090070486069,1.2486115694046,1.2027686834335,1.2666047811508,1.3585306406021,1.2782521247864,1.2007137537003,1.0440411567688,1.1578220129013,1.1741819381714,1.2728064060211,1.3447810411453,1.3495264053345,1.2289327383041,1.2674006223679,1.2816023826599,1.2862557172775,1.4408211708069,1.3277693986893,1.4352325201035,1.4304671287537,1.359179854393,1.3320450782776,1.2900836467743,1.2255339622498,1.2254329919815,1.2187864780426,1.1833363771439,1.1761207580566,1.1644212007523,1.1707408428192,1.3279355764389,1.2808462381363,1.2277998924255,1.231183052063,1.2507402896881,1.252024769783,1.2717366218567,1.2966860532761,1.3176853656769,1.2829500436783,1.3330280780792,1.2486295700073,1.4133520126343,1.3281911611557,1.2418398857117,1.1514337062836,